[
    {
        "id": "2",
        "name": "ono_sendai_cyberspace7",
        "shortName": "Ono-Sendai Cyberspace 7",
        "description": "deck",
        "weight": 1,
        "size": "Small",
        "legality": "Legal",
        "attributes": "4 Slots for Programs; +2 to Matrix Initiative.",
        "cost": 5000,
        "type": "cyberware",
        "extraData": {
            "slot": "neural",
            "modifiers": {
                "Matrix Initiative": 2
            }
        }
    },
    {
        "id": "3",
        "name": "microsoft_hacking",
        "shortName": "Microsoft (Hacking Skill-Chip)",
        "description": "chip",
        "weight": 0.01,
        "size": "Tiny",
        "legality": "Restricted",
        "attributes": "Provides instant Hacking proficiency.",
        "cost": 2000,
        "type": "cyberware",
        "extraData": {
            "slot": "neural",
            "modifiers": {
                "Hacking": 2
            }
        }
    },
    {
        "id": "4",
        "name": "modular_firearm",
        "shortName": "Modular Firearm (Graphene)",
        "description": "pistol",
        "weight": 1.5,
        "size": "Medium",
        "legality": "Legal",
        "attributes": "Highly adaptable kinetic weapon.",
        "cost": 800,
        "type": "weapon",
        "extraData": {
            "damage": 18,
            "range": 25,
            "ammoType": "9mm",
            "magazineType": "9mm Pistol Magazine",
            "magSize": 15,
            "minTier": "missile",
            "maxTier": "melee",
            "momentumImpact": 0.2,
            "difficulty": {
                "speed": 1,
                "zoneSize": 4,
                "jitter": 0.1
            }
        }
    },
    {
        "id": "5",
        "name": "monofilament_whip",
        "shortName": "Mono-filament Whip",
        "description": "whip",
        "weight": 0.2,
        "size": "Small",
        "legality": "Illegal",
        "attributes": "Melee Weapon; ignores all armor.",
        "cost": 3500,
        "type": "weapon",
        "extraData": {
            "damage": 45,
            "range": 0,
            "minTier": "polearm",
            "maxTier": "close quarters",
            "momentumImpact": 0.3,
            "roundtime": 4,
            "difficulty": {
                "speed": 1.5,
                "zoneSize": 3,
                "jitter": 0.3
            }
        }
    },
    {
        "id": "6",
        "name": "taser_prod",
        "shortName": "Taser Prod",
        "description": "prod",
        "weight": 1,
        "size": "Medium",
        "legality": "Restricted",
        "attributes": "Non-lethal stun weapon.",
        "cost": 600,
        "type": "weapon",
        "extraData": {
            "damage": 10,
            "range": 0,
            "stun": true,
            "minTier": "melee",
            "maxTier": "close quarters",
            "momentumImpact": 0.1,
            "difficulty": {
                "speed": 0.8,
                "zoneSize": 5,
                "jitter": 0
            }
        }
    },
    {
        "id": "7",
        "name": "neural_deck",
        "shortName": "Neural Deck (Mk.I)",
        "description": "deck",
        "weight": 1.2,
        "size": "Small",
        "legality": "Legal",
        "attributes": "2 Slots for Programs; allows hacking.",
        "cost": 1000,
        "type": "cyberware",
        "extraData": {
            "slot": "neural"
        }
    },
    {
        "id": "8",
        "name": "data_chip",
        "shortName": "Data Chip (Encrypted)",
        "description": "chip",
        "weight": 0.05,
        "size": "Tiny",
        "legality": "Variable",
        "attributes": "Contains lore or mission data; requires 'Decrypt' skill.",
        "cost": 50,
        "type": "item",
        "extraData": {}
    },
    {
        "id": "9",
        "name": "optical_hud",
        "shortName": "Optical Internal HUD",
        "description": "hud",
        "weight": 0,
        "size": "Built-in",
        "legality": "Legal",
        "attributes": "Displays room exits and player health in real-time.",
        "cost": 500,
        "type": "cyberware",
        "extraData": {
            "slot": "ocular"
        }
    },
    {
        "id": "10",
        "name": "signal_jammer",
        "shortName": "Signal Jammer",
        "description": "jammer",
        "weight": 0.8,
        "size": "Small",
        "legality": "Illegal",
        "attributes": "Prevents 'Call for Backup' in the current room.",
        "cost": 300,
        "type": "item",
        "extraData": {}
    },
    {
        "id": "11",
        "name": "ext_drive",
        "shortName": "External Hard Drive",
        "description": "drive",
        "weight": 0.3,
        "size": "Small",
        "legality": "Legal",
        "attributes": "Used to extract 'Data Payloads' from servers.",
        "cost": 150,
        "type": "item",
        "extraData": {}
    },
    {
        "id": "12",
        "name": "exoskeleton_frame",
        "shortName": "Exoskeleton Frame",
        "description": "exo",
        "weight": 15,
        "size": "Large",
        "legality": "Restricted",
        "attributes": "Increases carry capacity by 50lbs.",
        "cost": 2500,
        "type": "cyberware",
        "extraData": {
            "slot": "body"
        }
    },
    {
        "id": "13",
        "name": "beer_can",
        "shortName": "Beer Can",
        "description": "can",
        "weight": 0.1,
        "size": "Small",
        "legality": "Legal",
        "attributes": "Trash",
        "cost": 0,
        "type": "item",
        "extraData": {}
    },
    {
        "id": "14",
        "name": "medkit",
        "shortName": "Medkit",
        "description": "medkit",
        "weight": 2,
        "size": "Medium",
        "legality": "Legal",
        "attributes": "Heals 50 HP",
        "cost": 100,
        "type": "item",
        "extraData": {}
    },
    {
        "id": "15",
        "name": "stimpack",
        "shortName": "Stimpack",
        "description": "stim",
        "weight": 0.2,
        "size": "Tiny",
        "legality": "Restricted",
        "attributes": "Boosts AP for 3 turns",
        "cost": 50,
        "type": "item",
        "extraData": {}
    },
    {
        "id": "16",
        "name": "bandage",
        "shortName": "Bandage",
        "description": "bandage",
        "weight": 0.1,
        "size": "Tiny",
        "legality": "Legal",
        "attributes": "Stops bleeding",
        "cost": 10,
        "type": "item",
        "extraData": {}
    },
    {
        "id": "17",
        "name": "painkillers",
        "shortName": "Painkillers",
        "description": "pills",
        "weight": 0.1,
        "size": "Tiny",
        "legality": "Legal",
        "attributes": "Heals 10 HP over time",
        "cost": 20,
        "type": "item",
        "extraData": {}
    },
    {
        "id": "18",
        "name": "reflex_boost",
        "shortName": "Reflex Boost",
        "description": "booster",
        "weight": 0.1,
        "size": "Tiny",
        "legality": "Illegal",
        "attributes": "Increases initiative.",
        "cost": 500,
        "type": "cyberware",
        "extraData": {
            "slot": "neural"
        }
    },
    {
        "id": "19",
        "name": "flatline_heal",
        "shortName": "Flatline-Heal",
        "description": "injector",
        "weight": 1,
        "size": "Small",
        "legality": "Restricted",
        "attributes": "Revives a downed ally.",
        "cost": 1000,
        "type": "item",
        "extraData": {}
    },
    {
        "id": "20",
        "name": "flashlight",
        "shortName": "Flashlight",
        "description": "light",
        "weight": 0.5,
        "size": "Small",
        "legality": "Legal",
        "attributes": "Illuminates dark areas",
        "cost": 30,
        "type": "item",
        "extraData": {}
    },
    {
        "id": "21",
        "name": "water_bottle",
        "shortName": "Water Bottle",
        "description": "bottle",
        "weight": 0.5,
        "size": "Small",
        "legality": "Legal",
        "attributes": "Hydration",
        "cost": 5,
        "type": "item",
        "extraData": {}
    },
    {
        "id": "22",
        "name": "multitool",
        "shortName": "Multitool",
        "description": "tool",
        "weight": 0.3,
        "size": "Tiny",
        "legality": "Legal",
        "attributes": "Bonus to mechanical tasks.",
        "cost": 75,
        "type": "item",
        "extraData": {}
    },
    {
        "id": "23",
        "name": "neon_spray",
        "shortName": "Neon Spray-Paint",
        "description": "spray",
        "weight": 0.5,
        "size": "Small",
        "legality": "Legal",
        "attributes": "Used to mark areas.",
        "cost": 15,
        "type": "item",
        "extraData": {}
    },
    {
        "id": "24",
        "name": "backpack",
        "shortName": "Backpack",
        "description": "pack",
        "weight": 1,
        "size": "Medium",
        "legality": "Legal",
        "attributes": "Container",
        "cost": 50,
        "type": "container",
        "extraData": {
            "capacity": 20
        },
        "slot": "back"
    },
    {
        "id": "25",
        "name": "combat_knife",
        "shortName": "Combat Knife",
        "description": "knife",
        "weight": 1,
        "size": "Small",
        "legality": "Legal",
        "attributes": "Melee Weapon",
        "cost": 150,
        "type": "weapon",
        "extraData": {
            "damage": 10,
            "range": 0,
            "minTier": "melee",
            "maxTier": "close quarters",
            "momentumImpact": 0.1,
            "roundtime": 2,
            "difficulty": {
                "speed": 0.9,
                "zoneSize": 5,
                "jitter": 0.1
            }
        }
    },
    {
        "id": "26",
        "name": "pistol_9mm",
        "shortName": "Pistol (9mm)",
        "description": "pistol",
        "weight": 2.5,
        "size": "Medium",
        "legality": "Legal",
        "attributes": "Ranged Weapon",
        "cost": 500,
        "type": "weapon",
        "extraData": {
            "damage": 15,
            "range": 20,
            "ammoType": "9mm",
            "magazineType": "9mm Pistol Magazine",
            "magSize": 15,
            "minTier": "missile",
            "maxTier": "melee",
            "momentumImpact": 0.2,
            "difficulty": {
                "speed": 1,
                "zoneSize": 4,
                "jitter": 0.1
            }
        }
    },
    {
        "id": "27",
        "name": "shotgun_12g",
        "shortName": "Shotgun (12g)",
        "description": "shotgun",
        "weight": 4,
        "size": "Large",
        "legality": "Legal",
        "attributes": "Ranged Weapon",
        "cost": 800,
        "type": "weapon",
        "extraData": {
            "damage": 40,
            "range": 10,
            "ammoType": "12g",
            "magazineType": "12g Shells",
            "magSize": 6,
            "minTier": "melee",
            "maxTier": "close quarters",
            "momentumImpact": 0.5,
            "difficulty": {
                "speed": 1.1,
                "zoneSize": 5,
                "jitter": 0.2
            }
        }
    },
    {
        "id": "28",
        "name": "rifle_556",
        "shortName": "Assault Rifle (5.56)",
        "description": "rifle",
        "weight": 3.5,
        "size": "Large",
        "legality": "Restricted",
        "attributes": "Ranged Weapon",
        "cost": 1200,
        "type": "weapon",
        "extraData": {
            "damage": 25,
            "range": 40,
            "ammoType": "5.56",
            "magazineType": "5.56 Rifle Magazine",
            "magSize": 30,
            "minTier": "missile",
            "maxTier": "missile",
            "momentumImpact": 0.3,
            "difficulty": {
                "speed": 1.2,
                "zoneSize": 3,
                "jitter": 0.2
            }
        }
    },
    {
        "id": "29",
        "name": "monofilament_wire",
        "shortName": "Monofilament Wire",
        "description": "wire",
        "weight": 0.1,
        "size": "Tiny",
        "legality": "Illegal",
        "attributes": "Melee Weapon; ignores armor.",
        "cost": 2000,
        "type": "weapon",
        "extraData": {
            "damage": 30,
            "range": 0,
            "minTier": "melee",
            "maxTier": "close quarters",
            "momentumImpact": 0.4,
            "roundtime": 2,
            "difficulty": {
                "speed": 1.4,
                "zoneSize": 2,
                "jitter": 0.1
            }
        }
    },
    {
        "id": "30",
        "name": "smart_pistol",
        "shortName": "Smart-Pistol",
        "description": "smartgun",
        "weight": 2,
        "size": "Medium",
        "legality": "Restricted",
        "attributes": "Ranged Weapon; +2 to hit.",
        "cost": 1500,
        "type": "weapon",
        "extraData": {
            "damage": 12,
            "range": 25,
            "ammoType": "9mm",
            "magazineType": "Smart-Pistol Magazine",
            "magSize": 12,
            "minTier": "missile",
            "maxTier": "melee",
            "momentumImpact": 0.2,
            "difficulty": {
                "speed": 0.5,
                "zoneSize": 8,
                "jitter": 0
            }
        }
    },
    {
        "id": "31",
        "name": "street_sweeper",
        "shortName": "Street-Sweeper",
        "description": "sweeper",
        "weight": 5,
        "size": "Large",
        "legality": "Illegal",
        "attributes": "Ranged Weapon; Area of Effect.",
        "cost": 3000,
        "type": "weapon",
        "extraData": {
            "damage": 35,
            "range": 15,
            "ammoType": "12g",
            "magazineType": "Street-Sweeper Drum",
            "magSize": 20,
            "minTier": "missile",
            "maxTier": "melee",
            "momentumImpact": 0.6,
            "difficulty": {
                "speed": 1.3,
                "zoneSize": 6,
                "jitter": 0.4
            }
        }
    },
    {
        "id": "32",
        "name": "vibro_blade",
        "shortName": "Vibro-Blade",
        "description": "blade",
        "weight": 2,
        "size": "Medium",
        "legality": "Restricted",
        "attributes": "Melee Weapon; high damage.",
        "cost": 1200,
        "type": "weapon",
        "extraData": {
            "damage": 25,
            "range": 0,
            "minTier": "melee",
            "maxTier": "close quarters",
            "momentumImpact": 0.3,
            "roundtime": 3,
            "difficulty": {
                "speed": 1.1,
                "zoneSize": 4,
                "jitter": 0.1
            }
        }
    },
    {
        "id": "33",
        "name": "ammo_9mm",
        "shortName": "Ammo (9mm)",
        "description": "ammo",
        "weight": 0.5,
        "size": "Small",
        "legality": "Legal",
        "attributes": "50 rounds",
        "cost": 20,
        "type": "item",
        "extraData": {}
    },
    {
        "id": "34",
        "name": "ammo_12g",
        "shortName": "Ammo (12g)",
        "description": "shells",
        "weight": 0.8,
        "size": "Small",
        "legality": "Legal",
        "attributes": "10 shells",
        "cost": 25,
        "type": "item",
        "extraData": {}
    },
    {
        "id": "35",
        "name": "ammo_556",
        "shortName": "Ammo (5.56)",
        "description": "ammo",
        "weight": 0.6,
        "size": "Small",
        "legality": "Restricted",
        "attributes": "30 rounds",
        "cost": 30,
        "type": "item",
        "extraData": {}
    },
    {
        "id": "36",
        "name": "platinum_disk",
        "shortName": "Platinum Hard Disk",
        "description": "disk",
        "weight": 0.5,
        "size": "Small",
        "legality": "Restricted",
        "attributes": "Quest Item",
        "cost": 5000,
        "type": "item",
        "extraData": {}
    },
    {
        "id": "37",
        "name": "ceska_scorpion",
        "shortName": "Ceska Scorpion",
        "description": "smg",
        "weight": 2,
        "size": "Medium",
        "legality": "Restricted",
        "attributes": "Ranged Weapon",
        "cost": 1200,
        "type": "weapon",
        "extraData": {
            "damage": 15,
            "range": 20,
            "ammoType": "9mm",
            "magazineType": "Ceska Scorpion Magazine",
            "magSize": 20,
            "minTier": "missile",
            "maxTier": "melee",
            "momentumImpact": 0.3,
            "difficulty": {
                "speed": 1.2,
                "zoneSize": 4,
                "jitter": 0.2
            }
        }
    },
    {
        "id": "38",
        "name": "compliance_derm",
        "shortName": "Compliance Derm",
        "description": "derm",
        "weight": 0.01,
        "size": "Tiny",
        "legality": "Restricted",
        "attributes": "Apply on touch; causes STUN and PARALYZE.",
        "cost": 100,
        "type": "weapon",
        "extraData": {
            "damage": 1,
            "range": 0,
            "minTier": "close quarters",
            "maxTier": "close quarters",
            "momentumImpact": 0,
            "difficulty": {
                "speed": 1,
                "zoneSize": 5,
                "jitter": 0
            },
            "effect": "paralyze"
        }
    },
    {
        "id": "39",
        "name": "mag_pistol_9mm",
        "shortName": "9mm Pistol Magazine",
        "description": "A standard 15-round magazine for 9mm pistols.",
        "weight": 0.2,
        "size": "Tiny",
        "legality": "Legal",
        "attributes": "15 rounds",
        "cost": 50,
        "type": "item",
        "extraData": {
            "isMagazine": true,
            "capacity": 15,
            "ammoType": "9mm"
        }
    },
    {
        "id": "40",
        "name": "mag_scorpion",
        "shortName": "Ceska Scorpion Magazine",
        "description": "A curved 20-round magazine for the Ceska Scorpion SMG.",
        "weight": 0.3,
        "size": "Small",
        "legality": "Restricted",
        "attributes": "20 rounds",
        "cost": 75,
        "type": "item",
        "extraData": {
            "isMagazine": true,
            "capacity": 20,
            "ammoType": "9mm"
        }
    },
    {
        "id": "41",
        "name": "mag_rifle_556",
        "shortName": "5.56 Rifle Magazine",
        "description": "A high-capacity 30-round magazine for 5.56mm assault rifles.",
        "weight": 0.5,
        "size": "Small",
        "legality": "Restricted",
        "attributes": "30 rounds",
        "cost": 100,
        "type": "item",
        "extraData": {
            "isMagazine": true,
            "capacity": 30,
            "ammoType": "5.56"
        }
    },
    {
        "id": "42",
        "name": "mag_smart_pistol",
        "shortName": "Smart-Pistol Magazine",
        "description": "A specialized 12-round magazine for smart-link pistols.",
        "weight": 0.2,
        "size": "Tiny",
        "legality": "Restricted",
        "attributes": "12 rounds",
        "cost": 150,
        "type": "item",
        "extraData": {
            "isMagazine": true,
            "capacity": 12,
            "ammoType": "9mm"
        }
    },
    {
        "id": "43",
        "name": "mag_street_sweeper",
        "shortName": "Street-Sweeper Drum",
        "description": "A massive 20-round drum magazine for the Street-Sweeper shotgun.",
        "weight": 1.5,
        "size": "Medium",
        "legality": "Illegal",
        "attributes": "20 rounds",
        "cost": 300,
        "type": "item",
        "extraData": {
            "isMagazine": true,
            "capacity": 20,
            "ammoType": "12g"
        }
    },
    {
        "id": "44",
        "name": "shells_12g",
        "shortName": "12g Shells",
        "description": "A box of 6 heavy-duty 12-gauge shotgun shells.",
        "weight": 0.8,
        "size": "Small",
        "legality": "Legal",
        "attributes": "6 shells",
        "cost": 40,
        "type": "item",
        "extraData": {
            "isMagazine": true,
            "capacity": 6,
            "ammoType": "12g"
        }
    },
    {
        "id": "45",
        "name": "ammo_9mm_loose",
        "shortName": "9mm Rounds",
        "description": "A box of 50 loose 9mm kinetic rounds.",
        "weight": 0.5,
        "size": "Small",
        "legality": "Legal",
        "attributes": "50 rounds",
        "cost": 25,
        "type": "item",
        "extraData": {
            "isAmmo": true,
            "quantity": 50,
            "ammoType": "9mm"
        }
    },
    {
        "id": "46",
        "name": "ammo_556_loose",
        "shortName": "5.56 Rounds",
        "description": "A box of 30 loose 5.56mm rifle rounds.",
        "weight": 0.6,
        "size": "Small",
        "legality": "Restricted",
        "attributes": "30 rounds",
        "cost": 35,
        "type": "item",
        "extraData": {
            "isAmmo": true,
            "quantity": 30,
            "ammoType": "5.56"
        }
    },
    {
        "id": "47",
        "name": "katana",
        "shortName": "Samurai Sword (Katana)",
        "description": "A razor-sharp graphene-steel katana, perfectly balanced for lethal precision.",
        "weight": 1.5,
        "size": "Medium",
        "legality": "Restricted",
        "attributes": "Melee Weapon; High momentum impact.",
        "cost": 1500,
        "type": "weapon",
        "extraData": {
            "damage": 35,
            "range": 0,
            "minTier": "melee",
            "maxTier": "close quarters",
            "momentumImpact": 0.4,
            "difficulty": {
                "speed": 1.2,
                "zoneSize": 3,
                "jitter": 0.1
            }
        }
    },
    {
        "id": "48",
        "name": "dagger",
        "shortName": "Tactical Dagger",
        "description": "A matte-black serrated dagger designed for close-quarters assassination.",
        "weight": 0.5,
        "size": "Small",
        "legality": "Legal",
        "attributes": "Melee Weapon; Fast attack speed.",
        "cost": 250,
        "type": "weapon",
        "extraData": {
            "damage": 15,
            "range": 0,
            "minTier": "melee",
            "maxTier": "close quarters",
            "momentumImpact": 0.1,
            "difficulty": {
                "speed": 0.8,
                "zoneSize": 5,
                "jitter": 0.05
            }
        }
    },
    {
        "id": "49",
        "name": "machete",
        "shortName": "Heavy Machete",
        "description": "A thick, heavy blade used for hacking through both jungle and urban obstacles.",
        "weight": 2,
        "size": "Medium",
        "legality": "Legal",
        "attributes": "Melee Weapon; High damage.",
        "cost": 400,
        "type": "weapon",
        "extraData": {
            "damage": 25,
            "range": 0,
            "minTier": "melee",
            "maxTier": "close quarters",
            "momentumImpact": 0.3,
            "difficulty": {
                "speed": 1.3,
                "zoneSize": 4,
                "jitter": 0.2
            }
        }
    },
    {
        "id": "50",
        "name": "brass_knuckles",
        "shortName": "Brass Knuckles",
        "description": "Reinforced metal knuckles that turn a punch into a bone-shattering impact.",
        "weight": 0.3,
        "size": "Tiny",
        "legality": "Illegal",
        "attributes": "Melee Weapon; Close quarters only.",
        "cost": 100,
        "type": "weapon",
        "extraData": {
            "damage": 12,
            "range": 0,
            "minTier": "close quarters",
            "maxTier": "close quarters",
            "momentumImpact": 0.2,
            "difficulty": {
                "speed": 0.7,
                "zoneSize": 6,
                "jitter": 0
            }
        }
    },
    {
        "id": "51",
        "name": "digital_blade",
        "shortName": "Digital Blade",
        "description": "A shimmering blade of solidified code.",
        "weight": 1,
        "size": "Medium",
        "legality": "Restricted",
        "attributes": "Melee Weapon",
        "cost": 1000,
        "type": "weapon",
        "extraData": {
            "damage": 20,
            "range": 1,
            "minTier": "melee",
            "maxTier": "close quarters",
            "momentumImpact": 0.2,
            "difficulty": {
                "speed": 1,
                "zoneSize": 4,
                "jitter": 0.1
            }
        }
    },
    {
        "id": "52",
        "name": "pulse_rifle",
        "shortName": "Pulse Rifle",
        "description": "A sleek energy weapon that fires packets of data.",
        "weight": 3,
        "size": "Large",
        "legality": "Restricted",
        "attributes": "Ranged Weapon",
        "cost": 1500,
        "type": "weapon",
        "extraData": {
            "damage": 15,
            "range": 30,
            "ammoType": "energy",
            "magSize": 20,
            "minTier": "missile",
            "maxTier": "missile",
            "momentumImpact": 0.3,
            "difficulty": {
                "speed": 1.1,
                "zoneSize": 3,
                "jitter": 0.1
            }
        }
    },
    {
        "id": "53",
        "name": "digital_vest",
        "shortName": "Digital Vest",
        "description": "A vest woven from high-density firewall protocols.",
        "weight": 2,
        "size": "Medium",
        "legality": "Legal",
        "attributes": "Armor",
        "cost": 500,
        "type": "item",
        "extraData": {
            "defense": 10
        }
    },
    {
        "id": "54",
        "name": "energy_cell",
        "shortName": "Energy Cell",
        "description": "A standard energy cell for pulse weapons.",
        "weight": 0.2,
        "size": "Tiny",
        "legality": "Legal",
        "attributes": "20 charges",
        "cost": 50,
        "type": "item",
        "extraData": {
            "quantity": 1
        }
    },
    {
        "id": "55",
        "name": "ronin_visor",
        "shortName": "Ronin Visor",
        "description": "A sleek, wrap-around visor with glowing neon accents. It provides a HUD overlay and minimal protection.",
        "weight": 0.5,
        "size": "Small",
        "legality": "Legal",
        "attributes": "Head Armor; Low Defense, No Penalty.",
        "cost": 1200,
        "type": "armor",
        "extraData": {
            "defense": 2,
            "penalty": 0,
            "slot": "head"
        }
    },
    {
        "id": "56",
        "name": "synth_silk_kimono",
        "shortName": "Synth-Silk Kimono",
        "description": "A stylish jacket woven from ballistic synth-silk. It flows with your movements and offers surprising protection.",
        "weight": 1.5,
        "size": "Medium",
        "legality": "Legal",
        "attributes": "Torso Armor; Medium Defense, No Penalty.",
        "cost": 2500,
        "type": "armor",
        "extraData": {
            "defense": 5,
            "penalty": 0,
            "slot": "torso"
        }
    },
    {
        "id": "57",
        "name": "scabbard_pack",
        "shortName": "Scabbard Pack",
        "description": "A lightweight backpack with integrated magnetic locks for sheathing blades.",
        "weight": 1.0,
        "size": "Medium",
        "legality": "Legal",
        "attributes": "Back Armor/Container; Low Defense.",
        "cost": 800,
        "type": "armor",
        "extraData": {
            "defense": 1,
            "penalty": 0,
            "slot": "back",
            "capacity": 15
        }
    },
    {
        "id": "58",
        "name": "obi_sash",
        "shortName": "Obi Sash",
        "description": "A wide, reinforced belt that conceals several pouches.",
        "weight": 0.5,
        "size": "Small",
        "legality": "Legal",
        "attributes": "Waist Armor; Low Defense.",
        "cost": 500,
        "type": "armor",
        "extraData": {
            "defense": 1,
            "penalty": 0,
            "slot": "waist"
        }
    },
    {
        "id": "59",
        "name": "hakama_trousers",
        "shortName": "Hakama Trousers",
        "description": "Loose-fitting, pleated trousers reinforced with impact-absorbing gel layers.",
        "weight": 1.0,
        "size": "Medium",
        "legality": "Legal",
        "attributes": "Leg Armor; Medium Defense.",
        "cost": 1000,
        "type": "armor",
        "extraData": {
            "defense": 3,
            "penalty": 0,
            "slot": "legs"
        }
    },
    {
        "id": "60",
        "name": "tabi_boots",
        "shortName": "Tabi Boots",
        "description": "Split-toe boots designed for silence and grip.",
        "weight": 0.5,
        "size": "Small",
        "legality": "Legal",
        "attributes": "Foot Armor; Low Defense.",
        "cost": 600,
        "type": "armor",
        "extraData": {
            "defense": 1,
            "penalty": 0,
            "slot": "feet"
        }
    },
    {
        "id": "61",
        "name": "enforcer_helm",
        "shortName": "Enforcer Helm",
        "description": "A heavy, full-face helmet with reinforced ceramic plating. Intimidating and nearly bulletproof.",
        "weight": 3.0,
        "size": "Medium",
        "legality": "Restricted",
        "attributes": "Head Armor; High Defense, Low Penalty.",
        "cost": 2000,
        "type": "armor",
        "extraData": {
            "defense": 5,
            "penalty": 1,
            "slot": "head"
        }
    },
    {
        "id": "62",
        "name": "plated_cuirass",
        "shortName": "Plated Cuirass",
        "description": "A heavy chest piece made of industrial-grade steel and ceramic composites.",
        "weight": 15.0,
        "size": "Large",
        "legality": "Restricted",
        "attributes": "Torso Armor; Very High Defense, High Penalty.",
        "cost": 5000,
        "type": "armor",
        "extraData": {
            "defense": 12,
            "penalty": 3,
            "slot": "torso"
        }
    },
    {
        "id": "63",
        "name": "power_unit",
        "shortName": "Power Unit",
        "description": "A back-mounted power supply and armor plate. Looks like a jetpack, but it's just heavy armor.",
        "weight": 10.0,
        "size": "Medium",
        "legality": "Restricted",
        "attributes": "Back Armor; High Defense, Medium Penalty.",
        "cost": 1500,
        "type": "armor",
        "extraData": {
            "defense": 4,
            "penalty": 2,
            "slot": "back"
        }
    },
    {
        "id": "64",
        "name": "load_bearing_harness",
        "shortName": "Load-Bearing Harness",
        "description": "A heavy-duty waist harness designed to support the weight of other armor pieces.",
        "weight": 2.0,
        "size": "Medium",
        "legality": "Legal",
        "attributes": "Waist Armor; Medium Defense.",
        "cost": 800,
        "type": "armor",
        "extraData": {
            "defense": 2,
            "penalty": 1,
            "slot": "waist"
        }
    },
    {
        "id": "65",
        "name": "greaves_of_industry",
        "shortName": "Greaves of Industry",
        "description": "Thick, hydraulic-assisted leg armor. Makes a loud stomping sound.",
        "weight": 8.0,
        "size": "Large",
        "legality": "Restricted",
        "attributes": "Leg Armor; High Defense, Medium Penalty.",
        "cost": 2500,
        "type": "armor",
        "extraData": {
            "defense": 8,
            "penalty": 2,
            "slot": "legs"
        }
    },
    {
        "id": "66",
        "name": "mag_lock_boots",
        "shortName": "Mag-Lock Boots",
        "description": "Heavy boots with magnetic locking clamps. Great for stability, bad for running.",
        "weight": 4.0,
        "size": "Medium",
        "legality": "Legal",
        "attributes": "Foot Armor; Medium Defense, Medium Penalty.",
        "cost": 1200,
        "type": "armor",
        "extraData": {
            "defense": 4,
            "penalty": 2,
            "slot": "feet"
        }
    },
    {
        "id": "67",
        "name": "tactical shirt",
        "shortName": "Tactical Shirt",
        "description": "A shirt with reinforced pockets.",
        "weight": 0.8,
        "size": "Medium",
        "legality": "Legal",
        "attributes": "Container",
        "cost": 100,
        "type": "container",
        "extraData": {
            "capacity": 3.0
        },
        "slot": "torso"
    },
    {
        "id": "68",
        "name": "cargo pants",
        "shortName": "Cargo Pants",
        "description": "Durable tactical pants with many pockets.",
        "weight": 1.5,
        "size": "Medium",
        "legality": "Legal",
        "attributes": "Container",
        "cost": 150,
        "type": "container",
        "extraData": {
            "capacity": 5.0
        },
        "slot": "legs"
    },
    {
        "id": "69",
        "name": "utility belt",
        "shortName": "Utility Belt",
        "description": "A leather belt with pouches.",
        "weight": 0.5,
        "size": "Small",
        "legality": "Legal",
        "attributes": "Container",
        "cost": 80,
        "type": "container",
        "extraData": {
            "capacity": 4.0
        },
        "slot": "waist"
    }
]