{
    "glitchConfig": {
        "mobCount": 3,
        "itemCount": 5,
        "legendaryChance": 0.5
    },
    "personality": {
        "chaos": {
            "value": 1,
            "enabled": true
        },
        "aggression": {
            "value": 1,
            "enabled": true
        },
        "expansion": {
            "value": 0.96,
            "enabled": false
        }
    },
    "aiConfig": {
        "ambientDialogueFrequency": 70,
        "llmContextWindow": 24,
        "relationshipDecayRate": 1,
        "maxConversationTurns": 12,
        "npcMovementInterval": 30000
    },
    "paused": true
}