{
  "id": "item_v7ov4",
  "name": "SynapseStrike",
  "shortName": "synapsestrike",
  "description": "A weapon forged from the heart of a dying city’s废墟, its body a cocoon of ionized plasma, and its brain a network of adaptive neural circuits.",
  "type": "weapon",
  "rarity": "legendary",
  "cost": 500,
  "weight": 2.5,
  "attributes": {
    "slot": "Neural",
    "damage": 25
  },
  "portrait": "",
  "_metadata": {
    "proposalId": "ec4c4f90-d190-4cb8-a242-d76499e6a23b",
    "generatedAt": 1768758287352,
    "publishedAt": 1768758384452,
    "seed": "jm4tv",
    "flavor": {
      "rationale": "Players might find it in a gritty cyberpunk environment where technology is used for destruction as well as defense. SynapseStrike could be part of a gang's lethal armory or used by scavengers to take down powerful enemies."
    }
  }
}