{
  "id": "item_2nzmtr",
  "name": "NeuraGrid",
  "shortName": "neuragrid",
  "description": "A cutting-edge cybernetic armor piece designed to withstand the harshest cyberattacks. Its advanced NeuraGrid technology allows it to absorb incoming damage while providing adaptive shielding that constantly upgrades based on the player's neural interface activity.",
  "type": "armor",
  "rarity": "legendary",
  "cost": 42,
  "weight": 0.5,
  "attributes": {
    "slot": "head",
    "defense": 20,
    "penalty": 15,
    "weight": 8
  },
  "portrait": "/assets/portraits/item_2nzmtr.jpg",
  "_metadata": {
    "proposalId": "f9f4da16-77a9-4d32-85b0-06732b179ecb",
    "generatedAt": 1768758133322,
    "publishedAt": 1768758146844,
    "seed": "er5csa",
    "flavor": {
      "rationale": "Players would find this legendary armor in a section where high-tech breaches have occurred, as it is an upgraded version of standard armor designed specifically for those who need enhanced protection against cyberware."
    }
  }
}