{
  "id": "item_6k8so4",
  "name": "Neuroveil",
  "shortName": "neuroveil",
  "description": "A sleek metallic armor piece with glowing plasma panels that fit seamlessly into the dark cyberpunk environment. Integrated with a neural interface module for enhanced functionality.",
  "type": "armor",
  "rarity": "rare",
  "cost": 300,
  "weight": 0.8,
  "attributes": {
    "defense": 18,
    "penalty": 30,
    "slot": "torso"
  },
  "portrait": "",
  "_metadata": {
    "proposalId": "3a5dcd4e-fe10-4dc7-9bbe-b0a20f5fc7ea",
    "generatedAt": 1768758294719,
    "publishedAt": 1768758392756,
    "seed": "lcqn9q",
    "flavor": {
      "rationale": "Ideal for individuals with advanced tech or telepathic abilities, allowing them to control their armor remotely or gain sensory enhancements in a dystopian cyberpunk setting."
    }
  }
}