{
  "id": "item_vz1av",
  "name": "Neural Cascade",
  "shortName": "cascade",
  "description": "This intricate neural interface amplifies and focuses incoming sensory data into bursts of pure information. It allows the user to overload their senses on command, briefly experiencing the world with heightened clarity.",
  "type": "item",
  "rarity": "legendary",
  "cost": 500,
  "weight": 0.4,
  "attributes": {
    "slot": "neural"
  },
  "portrait": "",
  "_metadata": {
    "proposalId": "dece3341-9e55-45b2-9eed-b479a3a72f3a",
    "generatedAt": 1768838880693,
    "publishedAt": 1768838880693,
    "seed": "q60442",
    "flavor": {
      "rationale": "A high-end cybernetic upgrade designed for elite operatives requiring peak performance under pressure, it enhances reaction time by processing information faster than biological systems can. The Neural Cascade is often sought after by contract killers and corporate spies who need every advantage in tense situations."
    }
  }
}