{
  "id": "item_6rhd76",
  "name": "Neuro-Slicer",
  "shortName": "neuro-slicer",
  "description": "A wrist-mounted blade that utilizes focused neural energy to slice through both flesh and circuitry. It leaves no trace but a faint scent of ozone.",
  "type": "weapon",
  "rarity": "legendary",
  "cost": 1000,
  "weight": 2.5,
  "attributes": {
    "damage": 25,
    "range": 50,
    "ammoType": "energy",
    "weight": 20
  },
  "portrait": "",
  "_metadata": {
    "proposalId": "7ef20c81-1817-4f45-8ff7-be399eec90c0",
    "generatedAt": 1768784040966,
    "publishedAt": 1768784040967,
    "seed": "1tr2x",
    "flavor": {
      "rationale": "Developed by an underground neurosurgeon, the Neuro-Slicer is designed for covert operations requiring surgical precision and minimal collateral damage. Its primary use is disabling cybernetic implants without causing lasting harm or alerting authorities to the presence of illicit hardware."
    }
  }
}