{
  "id": "item_489u9",
  "name": "Neurokinetic Regulator",
  "shortName": "neurokinetic_armor",
  "description": "This sleek cranial implant regulates neural impulses to enhance physical response time and precision.",
  "type": "armor",
  "rarity": "epic",
  "cost": 400,
  "weight": 1.3,
  "attributes": {
    "slot": "neural",
    "defense": 12,
    "weight": 40
  },
  "portrait": "",
  "_metadata": {
    "proposalId": "669db2f0-cc32-43f0-9dae-1e665e0a08d7",
    "generatedAt": 1768832727723,
    "publishedAt": 1768832727723,
    "seed": "pt3kig",
    "flavor": {
      "rationale": "Developed for professional athletes, this cybernetic enhancement is now used by anyone seeking a competitive edge in combat or even everyday life. It's highly sought after on the black market."
    }
  }
}