{
  "id": "item_v9t1xh",
  "name": "Neural Lace Weaver",
  "shortName": "neurallace",
  "description": "A neural lace weaving device that allows for the direct injection of data and programs into a user's brain. The process is non-invasive, but highly addictive.",
  "type": "item",
  "rarity": "epic",
  "cost": 1000,
  "weight": 1.6,
  "attributes": {
    "slot": "neural",
    "weight": 25
  },
  "portrait": "",
  "_metadata": {
    "proposalId": "6b627abc-4a01-4f10-a376-7b968c002990",
    "generatedAt": 1768832348522,
    "publishedAt": 1768832348522,
    "seed": "h2hkj",
    "flavor": {
      "rationale": "Developed by corporate entities to streamline employee training and onboarding, this illicit cyberware has found its way onto the black market due to its potential for hacking and memory manipulation."
    }
  }
}