{
  "id": "item_4k680b",
  "name": "Neural Static Injector",
  "shortName": "injector",
  "description": "A tiny ampule of shimmering blue liquid containing concentrated static electricity. When injected directly into the neural system, it disrupts incoming data and overloads neural pathways.",
  "type": "consumable",
  "rarity": "uncommon",
  "cost": 200,
  "weight": 0.8,
  "attributes": {
    "effect": "DRIT - Increases elemental damage taken by 5% per use level (max +30%)",
    "charges": 3
  },
  "portrait": "",
  "_metadata": {
    "proposalId": "2c4eacbc-9476-4e0a-94f7-6c757fbc0727",
    "generatedAt": 1768833416349,
    "publishedAt": 1768833416349,
    "seed": "wqd9x6",
    "flavor": {
      "rationale": "Used by those who want to temporarily scramble their cybernetic senses or disrupt a target's connection to their implants during combat."
    }
  }
}