{
  "id": "item_65p4p",
  "name": "Neural Re-Sync",
  "shortName": "neuralresync",
  "description": "A vial of clear fluid that reboots neural pathways after overloading from intense data streams or extended immersion in virtual realities. It tastes faintly like copper and ozone.",
  "type": "consumable",
  "rarity": "common",
  "cost": 1000,
  "weight": 1.7,
  "attributes": {
    "effect": "Heals 50 HP per use for up to 3 seconds",
    "charges": 5,
    "weight": 2.5
  },
  "portrait": "",
  "_metadata": {
    "proposalId": "88fb3043-869d-4c38-b130-05763654b365",
    "generatedAt": 1768787774538,
    "publishedAt": 1768787774538,
    "seed": "26zu5b",
    "flavor": {
      "rationale": "Players often experience mental fatigue after heavy VR use, hacking attempts, or receiving a large influx of information. This consumable offers temporary relief while their brains recover."
    }
  }
}