{
  "id": "item_ffmeba",
  "name": "Neural Overdrive Stim",
  "shortName": "neural_overdrive_stim",
  "description": "A potent blend of nootropics and neuro-stimulants designed to temporarily amplify neural processing speed. Use with caution: extended use can lead to permanent neurological damage.",
  "type": "consumable",
  "rarity": "legendary",
  "cost": 1000,
  "weight": 1.3,
  "attributes": {
    "effect": "Heals (25% of max health) to all parties for 3 charges",
    "charges": 3,
    "weight": 40
  },
  "portrait": "",
  "_metadata": {
    "proposalId": "acb80811-9fa3-461d-9663-1c3c78421e8e",
    "generatedAt": 1768834314539,
    "publishedAt": 1768834314539,
    "seed": "e2pdjt",
    "flavor": {
      "rationale": "In a world where information is currency, edge runners need every advantage they can get. Neural Overdrive Stims provide that temporary boost in mental acuity and reaction time needed for high-stakes heists or corporate espionage."
    }
  }
}