{
  "id": "item_vh9qv",
  "name": "Neural Wraith",
  "shortName": "nwraith",
  "description": "A sleek neural implant that allows the user to seamlessly mimic and channel the combat skills of any enemy they defeat. It's a living library of martial arts and firearms techniques, always evolving.",
  "type": "weapon",
  "rarity": "legendary",
  "cost": 1000,
  "weight": 4.7,
  "attributes": {
    "slot": "neural",
    "damage": 42,
    "ammoType": "energy",
    "magSize": 12,
    "weight": 15.74
  },
  "portrait": "",
  "_metadata": {
    "proposalId": "a39f54ea-b053-4093-bc5a-8ae4ec241fb5",
    "generatedAt": 1768834770672,
    "publishedAt": 1768834770672,
    "seed": "2ps82i",
    "flavor": {
      "rationale": "The Neural Wraith is valuable in a cyberpunk dystopia because it provides an advantage against powerful adversaries by allowing users to learn from them directly. This could be used for self-defense or even espionage."
    }
  }
}