{
  "id": "item_nomm1i",
  "name": "Neuro-Tether",
  "shortName": "neuro-tether",
  "description": "A slender neural implant that subtly enhances the wearer's focus and reflexes. It also allows for direct connection to external devices.",
  "type": "item",
  "rarity": "uncommon",
  "cost": 1000,
  "weight": 0.8,
  "attributes": {
    "slot": "neural",
    "weight": 15.3
  },
  "portrait": "",
  "_metadata": {
    "proposalId": "29955b18-f036-4f2a-815c-c3ada6db1713",
    "generatedAt": 1768834450577,
    "publishedAt": 1768834450577,
    "seed": "6d134",
    "flavor": {
      "rationale": "Developed by a disgraced neuroscientist attempting to reenter the corporate scene, this cyberware is an attempt at creating a 'human firewall' - someone who can detect intrusions into computer systems through their own heightened senses."
    }
  }
}