{
  "id": "item_oqnb59",
  "name": "Neuro-Scrambler",
  "shortName": "neuroscrambler",
  "description": "A small vial of shimmering liquid containing nanobots engineered to disrupt neural pathways. It is often used by runners in high-stakes negotiations or during clandestine meetings.",
  "type": "consumable",
  "rarity": "rare",
  "cost": 1000,
  "weight": 1.1,
  "attributes": {
    "effect": "Heals 10 HP with chance to resist elemental damage",
    "charges": 3,
    "weight": 5
  },
  "portrait": "",
  "_metadata": {
    "proposalId": "ff732e8e-fe04-4a15-8f35-59713b705269",
    "generatedAt": 1768787778051,
    "publishedAt": 1768787778051,
    "seed": "vw2rs",
    "flavor": {
      "rationale": "In a world where mental influence and psychic abilities are becoming increasingly prevalent, the Neuro-Scrambler provides an edge against manipulation and unwanted probing into one's thoughts."
    }
  }
}