{
  "id": "item_pc9ch",
  "name": "Neuro-Synchronized Reactive Shell",
  "shortName": "neuro-synchronized reactive shell",
  "description": "This sleek exosuit harnesses advanced neural interface technology to adapt its defenses in real time based on incoming threats. The wearer feels a subtle hum as the suit's plating shifts and hardens.",
  "type": "armor",
  "rarity": "epic",
  "cost": 1000,
  "weight": 0.2,
  "attributes": {
    "slot": "torso",
    "defense": 12,
    "weight": 34.7
  },
  "portrait": "",
  "_metadata": {
    "proposalId": "a97ffad2-7b25-4236-a534-7f3e235a063f",
    "generatedAt": 1768786611040,
    "publishedAt": 1768786611040,
    "seed": "otsq8o",
    "flavor": {
      "rationale": "Developed for elite security forces, this armor was designed to provide maximum protection without sacrificing mobility or reaction time. It uses experimental neuro-linked sensors to anticipate attacks before they happen, allowing it to harden critical areas just milliseconds before impact."
    }
  }
}