{
  "id": "item_dwsqpr",
  "name": "Neuro-Static Surge",
  "shortName": "neurostatedamage",
  "description": "A small vial of shimmering liquid. The label warns against improper use; it can cause temporary mental overload.",
  "type": "consumable",
  "rarity": "uncommon",
  "cost": 1000,
  "weight": 0.9,
  "attributes": {
    "weight": 85
  },
  "portrait": "",
  "_metadata": {
    "proposalId": "780f1fe8-03f8-49e3-b204-ea24a0ac04dd",
    "generatedAt": 1768786619012,
    "publishedAt": 1768786619012,
    "seed": "g1gxp",
    "flavor": {
      "rationale": "This experimental nootropic is sold on the black market for its ability to heighten focus and reaction time, even if only briefly. It's favored by gamblers and quick-fingered hackers who need every edge they can get."
    }
  }
}