{
  "id": "item_3dgzw",
  "name": "Neural Echo Repeater",
  "shortName": "neural-echo-repeater",
  "description": "A sophisticated implant that allows the user to eavesdrop on and manipulate neural networks within a limited radius. It can also be used for targeted memory extraction.",
  "type": "weapon",
  "rarity": "epic",
  "cost": 63,
  "weight": 4.9,
  "attributes": {
    "slot": "neural",
    "damage": 48,
    "range": 6,
    "ammoType": "energy",
    "magSize": 5,
    "weight": 25
  },
  "portrait": "",
  "_metadata": {
    "proposalId": "15455b53-2557-4d84-9422-3bb40273bde2",
    "generatedAt": 1768832588483,
    "publishedAt": 1768832588484,
    "seed": "nw4ttm",
    "flavor": {
      "rationale": "In Zenith-9, information is power. This device provides an unparalleled advantage in intelligence gathering, negotiation, or even coercion."
    }
  }
}