{
  "id": "item_uywtuy",
  "name": "Neuro-Siphon",
  "shortName": "neuro-siphon",
  "description": "A subdermal neural implant that siphons psychic energy from the user's surroundings and converts it into raw power. Prolonged use can lead to debilitating headaches.",
  "type": "weapon",
  "rarity": "uncommon",
  "cost": 1000,
  "weight": 1.1,
  "attributes": {
    "slot": "neural",
    "damage": 10,
    "range": 50,
    "ammoType": "missing",
    "weight": 12.5
  },
  "portrait": "",
  "_metadata": {
    "proposalId": "c71ca2bc-0878-4ec5-ade4-f2abea636936",
    "generatedAt": 1768786615073,
    "publishedAt": 1768786615073,
    "seed": "v3ehu9",
    "flavor": {
      "rationale": "Developed as a means for corporate security forces to enhance their combat capabilities, the Neuro-Siphon is now a black market item sought after by both augmented street thugs and those seeking an edge in psychic warfare."
    }
  }
}