{
  "id": "item_0id3h",
  "name": "Neural Razorwire",
  "shortName": "neuralrazorwire",
  "description": "A shimmering network of nanites forms razor-sharp strands within the user's nervous system. It can be deployed to sever connections, scramble signals and inflict crippling pain.",
  "type": "item",
  "rarity": "legendary",
  "cost": 1000,
  "weight": 0.3,
  "attributes": {
    "slot": "neural"
  },
  "portrait": "",
  "_metadata": {
    "proposalId": "298df1bd-07e5-4b30-ab84-276629cd5ef5",
    "generatedAt": 1768784135749,
    "publishedAt": 1768784135749,
    "seed": "rkzh0o",
    "flavor": {
      "rationale": "Developed by a rogue neurosurgeon seeking to weaponize brain implants, this cybernetic modification allows users to remotely control neural networks outside their own body. A common tool of corporate spies or assassins."
    }
  }
}