{
  "id": "item_wdtifj",
  "name": "Neural Feedback Harness",
  "shortName": "neural-feedback-harness",
  "description": "A sleek black harness that wraps around the skull and neck. It subtly pulses against your skin, translating incoming data streams into tactile sensations.",
  "type": "armor",
  "rarity": "rare",
  "cost": 300,
  "weight": 0.3,
  "attributes": {
    "slot": "legs",
    "defense": 20,
    "penalty": 15
  },
  "portrait": "",
  "_metadata": {
    "proposalId": "fd808f66-f265-4b29-9695-0b05bdcfe320",
    "generatedAt": 1768833841102,
    "publishedAt": 1768833841102,
    "seed": "uluz17",
    "flavor": {
      "rationale": "Developed by a secretive military contractor for elite operatives, this allows users to experience raw sensor feeds from drones or networked systems directly through their nervous system, blurring the line between human and machine."
    }
  }
}