{
  "id": "item_ufxsn5",
  "name": "Neural Feedback Stimulator",
  "shortName": "neural-feedback",
  "description": "A compact neural implant that delivers controlled bursts of sensory input. It's a rudimentary form of virtual reality without the headset.",
  "type": "item",
  "rarity": "common",
  "cost": 1000,
  "weight": 0.5,
  "attributes": {
    "slot": "neural",
    "weight": 3.5
  },
  "portrait": "",
  "_metadata": {
    "proposalId": "137c7242-9b3b-4090-bd4d-6161ee9c2db7",
    "generatedAt": 1768834935759,
    "publishedAt": 1768834935759,
    "seed": "43jcf",
    "flavor": {
      "rationale": "Used by street performers or those looking for cheap thrills, it can simulate everything from rain to gunshots or even fleeting hallucinations. Illegal in most jurisdictions due to its addictive potential and use in blackmail schemes."
    }
  }
}