{
  "id": "item_amxyy8",
  "name": "Pulse Hammer",
  "shortName": "ph",
  "description": "A brutal melee weapon that channels focused sonic pulses through its hammerhead, delivering concussive blows.",
  "type": "weapon",
  "rarity": "legendary",
  "cost": 1000,
  "weight": 1.7,
  "attributes": {
    "damage": 50,
    "ammoType": "energy",
    "magSize": 25,
    "weight": 4.5
  },
  "portrait": "",
  "_metadata": {
    "proposalId": "d2bed533-0321-4ff6-9c00-d770958d3f11",
    "generatedAt": 1768787768377,
    "publishedAt": 1768787768377,
    "seed": "zwqlkp",
    "flavor": {
      "rationale": "Developed for riot control by a now-defunct megacorp, the Pulse Hammer was designed to incapacitate targets without causing permanent harm. Its existence on the black market suggests it's found new use among those who prefer a more direct approach."
    }
  }
}