{
  "id": "item_71b32",
  "name": "Kinetic Dampening Mantle",
  "shortName": "dampeningmantle",
  "description": "A shimmering, interwoven mesh of carbon nanotubes and piezoelectric fibers woven into a cloak. It absorbs kinetic energy from impacts, dispersing it harmlessly through its intricate structure.",
  "type": "armor",
  "rarity": "legendary",
  "cost": 1000,
  "weight": 0.2,
  "attributes": {
    "slot": "torso",
    "defense": 20,
    "penalty": 15,
    "weight": 350
  },
  "portrait": "",
  "_metadata": {
    "proposalId": "175776c4-26b9-4e9e-981f-3a82b2bcfc2c",
    "generatedAt": 1768784493748,
    "publishedAt": 1768784493748,
    "seed": "iw82f",
    "flavor": {
      "rationale": "This armor was developed by the Black Lotus Syndicate for their elite strike teams to allow them to survive high-speed crashes during escapes or ambushes while still maintaining full mobility."
    }
  }
}